﻿Name,Created,Date,Files & media,Related Notes,Select,Tags
Logical Questions-Java,"February 24, 2023 5:01 PM",,,"Resume (Spring-Notes%208965977b801348b9869fec163ce98d2b/Resume%2034f14fc8af004a4d819647130f1f1418.html), Star Pattern Java (Spring-Notes%208965977b801348b9869fec163ce98d2b/Star%20Pattern%20Java%20763d462119884563afab1960de40077c.html)",Java,Interveiw
Resume,"March 14, 2023 10:10 PM",,,Logical Questions-Java (Spring-Notes%208965977b801348b9869fec163ce98d2b/Logical%20Questions-Java%20850195ff45bd4963bfaf6466c1ad2655.html),,
Sql Queries,"June 24, 2023 5:20 PM","July 1, 2023 5:20 PM",,,SQL,
Star Pattern Java,"June 24, 2023 5:46 PM","June 22, 2023 5:46 PM",,Logical Questions-Java (Spring-Notes%208965977b801348b9869fec163ce98d2b/Logical%20Questions-Java%20850195ff45bd4963bfaf6466c1ad2655.html),Java,
"Spring And Spring Boot With Annotation questions and answers ","June 24, 2023 6:07 PM",,,,Spring-Boot,
Factory-Design-Pattern,"June 26, 2023 10:14 PM","June 26, 2023",,,Design-Pattern,
Singleton-Design Pattern,"June 26, 2023 10:18 PM",,,,Design-Pattern,
Jwt Authentication with Spring Boot 3.1,"August 22, 2023 10:03 AM",,,,,
Junit & MocKito,"September 16, 2023 12:01 PM","September 16, 2023",,,Junit,"Daily, Ramesh Fadtare"